,F1,F2,F3,F4,F5,F6,F7,Target
0,-0.4322273818306215,0.30053448042674014,-0.9117246209966366,1.1705682521201848,0.8651619106523667,-0.2871048692619712,-0.32820294105722175,53.33019050907294
1,-1.610499258510963,0.7890596485823135,0.4999397639700475,-0.6311186825850962,-0.8345152073854781,0.8198851165343835,-1.621673802981331,-35.45378212669509
2,1.5523346151134727,-0.9317137468665752,0.4712998932992131,0.6429542438251072,-0.7941500574453586,0.24103720692640693,0.3263307502618375,82.00058064809784
3,1.94295564292356,0.20800302028545717,-1.7060410636932102,1.5463387219479314,1.0556915650026215,-0.8120165317339593,0.21475951947291677,55.99573817548406
4,-2.404226052826724,-1.0013051531328936,-0.5070738022511005,1.3011204225543935,-0.25804942622103477,-1.6376143836466606,0.09949926532119927,-41.448585459326694
5,-1.4168674160854964,0.2639192977172961,0.6966166609277529,0.38597931932434,0.26461151276943007,-0.6961141225146247,3.3106800582477436,91.02660055256638
6,-0.5820707574542218,-2.056265740737039,-0.07400297487408615,1.8120855271285323,-0.9864963639746409,-0.6290791507985063,0.5627048871153756,103.03161422991015
7,0.18407413228681194,-0.6131668118319032,-0.07954522140454678,-0.496020610236695,1.240629619296457,2.0406947377801132,-1.7449681921852862,76.65451521622106
8,-0.6863149261311315,0.8713890843784231,-1.0872328815892778,0.13838072103736282,1.3183152079391176,0.5039596951476248,0.9496362397797259,91.25284031001735
9,-0.27986408978893235,-3.3345696974470576,0.7914239869545724,-1.2162110648355873,0.4702680026732579,0.33280320448238127,-1.9363264331950025,-139.88617167765025
10,-1.1062659835054631,-0.7456422978851045,-0.08094648803162423,0.8092656527997651,-1.2537126513221233,1.8674159861856423,1.6162078671227087,286.3198577519878
11,-1.2751125538827608,-0.14596441094008608,-0.9005003138910339,0.5853600987059865,-0.23414099912973063,-0.2964085712030862,-0.9442982757017118,-15.98798768723081
12,-0.7248837079003281,-0.43830276523598005,-0.5734948985757881,1.3209911374726027,0.630331729139841,-1.13516103900777,-0.7757698714369299,-27.276802898512827
13,-0.16885984933446088,-0.16711115939577773,-0.14740664725461547,1.2858458392241119,0.8930303125722807,-0.23563353294995612,0.586649397530048,100.07664410975472
14,-1.7423846856814764,-0.9071831801201446,0.550138016234395,-0.2998337452003345,-1.6252234989202576,-0.4279433403304046,0.26150433606218704,-52.298120413694804
15,-1.2221325661500557,-0.4060379472909124,-0.5730130692172171,-0.8616304640077315,-0.17070160586059746,1.4459820199197795,0.6403738112217879,84.28051961028957
16,-0.22310066895476163,1.2735557900509897,-0.1731882010335036,1.8105316614232414,-0.43958518575806377,-0.06168653545336215,1.4049878715977444,187.83122744243627
17,2.1207828208907245,-0.40374842284713686,0.3615065166711153,-0.17973659587118762,2.181731186753019,-0.5591331870280085,-1.460153974462839,-117.66906412694411
18,-0.7453749745780412,1.009725631612729,1.9343258316196201,0.7627593155346672,0.5951890307437392,-0.18260099006067917,0.30981287406100744,55.40432148504033
19,0.22436715407900518,-0.06567238193428915,0.4722598008931188,0.07909309473257273,-0.42620013504966053,-0.16697383889268816,-1.9604904161690953,-81.15820801119614
20,-1.052874108968709,1.6775440640418995,-0.8989854910729287,-1.2592070153633834,0.9611043126175778,-0.5301394082656447,-1.331161728361028,-191.46367561956103
21,1.3638252897418415,-0.44690427050504,-1.5527578328277152,-1.6435428113896149,-1.5800695226876613,-0.5686120029765696,-0.5902246024719148,-199.54066507722237
22,-1.6338836313995553,-2.184177564251296,0.5898943038706894,-0.3834851831001172,1.809144985113021,1.7682974317451594,-1.5162047609820084,68.01395591125575
23,1.5525134336741606,0.7326500134138723,-0.8709521134003226,-1.2795568838505171,-0.17356138645275357,-0.3160940278343948,0.2131586779458501,-118.1125902385304
24,1.101841029790573,0.9097835730208302,0.3659589834482303,1.5462635232131172,-0.5025018078206891,0.24443183224330714,-0.3307946222355768,129.87574817217956
25,1.4412488693398358,-1.5523474724529904,-0.7366303520445167,-1.993034744579364,2.035754084117257,-0.20578193732397873,-0.11810502632411625,-178.29883505831515
26,0.30722058947587705,-0.1570686006592748,2.2131495733997437,0.1943358864583827,0.4092616610451587,-0.18335730645225787,0.13841901754568675,3.773806838811759
27,1.7418121884722342,1.1178867334508418,-0.4475008761926458,0.42349690044287275,-1.2554272183458584,0.6101440864066574,-0.2742420888635259,77.70504694742309
28,-0.9549964031844034,-0.058741566797086794,-0.53717019692974,1.384313205833856,0.6351673789846872,-0.9972000069626578,0.11722029593185332,23.222525904323675
29,-0.22132094273129205,0.9318873578923119,-1.1731556214427838,-0.05784726264190014,0.5626690781293578,0.41602174906776257,1.4683321327196492,87.56006520921208
30,0.8046552950871584,-1.4160295276551897,-0.5975948002900147,-0.17885573780549716,0.9819263226872069,-0.9466734142319904,0.2362244364915694,-90.24355267045945
31,-1.05750513080247,0.7522701654178005,0.0704338841222101,1.0049441504937833,-1.1645267994987059,0.26457867412032504,0.4967969781631213,120.22735567196301
32,-1.3967752287287745,2.11271496513566,0.2641188832437912,-1.9626046763023646,1.092516928211457,0.665094384384974,-2.807457106605723,-194.3858954726437
33,0.560022058497286,0.3379366099620421,-0.1881453897482699,-0.5976572586264365,0.22596107662380135,0.3368361362314052,-0.730028117705647,-43.060886897836276
34,-0.35226589943695574,-1.0941665468358064,1.3869901124185693,0.3345956986031069,-0.20590438735005992,-0.8760992440237212,0.44512688150507185,-36.24983576409712
35,0.7807543560226766,-1.529391355496218,-1.0558396385658135,-1.0178780503219558,-0.54388338136983,1.098010038758162,-0.3079877367482591,5.185596014022977
36,-0.7396126432697752,0.2826154193975166,-1.478159559889614,0.3581955114909382,1.5248720765549242,-1.4378845449127342,1.660978570614389,-37.55860344258769
37,-0.656298843285933,-1.6165354033497437,0.20371847304077348,-0.8871972678804493,0.1005974098500913,0.29161350399694896,0.8121538529019011,-14.605374729913137
38,-0.40010605647715836,1.5453868264718487,0.8152060414373764,-0.8831255611139024,-2.0749223651627684,0.8483505668983571,0.14584007314382133,13.746245168284448
39,-0.6005204054093214,-0.8443082406155314,1.6148732370632584,0.4069877491120994,0.3949532203796535,0.4270174575554754,-0.5598201129278841,47.528218072793706
40,-1.706390141347105,0.8439050308133292,2.750532363534241,0.8778912282698064,1.461142002220364,-0.7110680659727037,0.577179938155434,27.344110903342695
41,-0.9729627876894571,-2.419165667432911,-0.1362852706666348,0.6147658838909157,1.0418285032984662,0.6521425881756695,-0.6966163680504595,76.65838273742162
42,-0.8652099642166615,2.3804844604314117,1.7518181614711237,0.7354104614614677,0.562041137590148,-0.9358689143269845,-0.8755813300584485,-55.50089264971152
43,-0.8820364861409566,1.6143079717678555,-0.5742834658902746,2.097770376544696,-1.554774782605797,-0.9526096417232855,0.998907459589947,116.74626975507587
44,0.7118095044948154,0.15239761757348574,0.018587498064811598,-0.7075112004182842,0.8975791234216388,1.276049925749743,-1.5837542731733363,-0.39074506601182435
45,1.1785954763808106,-0.041930427981571185,1.9156788821223303,0.21819577256591932,-1.660404840782051,-0.6988224523750899,0.7290590474474038,-17.933284788723906
46,-0.6981709975828928,-0.31569321030277364,0.2399511982728864,0.33048806399892017,-0.5529494395632222,-1.8504039737914764,-1.3500021026655444,-188.06576428071045
47,1.2779927348797655,0.6077470390616395,1.1654273890651912,-0.1687253260115847,0.20202726501788057,-0.9621574161123021,0.571451198299321,-76.1909331963783
48,-0.9887780554718384,0.2137219341700014,0.23639144685879962,-1.611942488438987,0.85698222225438,-1.453980807327012,-0.5333421021093551,-272.428015671579
49,-0.6928982670024281,0.3669680979623962,0.8694001766984644,-2.066901899582242,-0.6104496082250214,-0.6458328905850751,0.02071408342287196,-215.5966464160493
50,-1.10993297559804,0.22627238393305849,1.0428050413732246,-1.8283553815619282,-0.8421046445027196,0.3207754132797408,-1.5077323778065799,-168.466861763718
51,-0.8602168990603795,1.3304175782166014,-0.014181508717577354,0.05384387755844742,0.9983585209007867,-0.5124936334423107,1.2793205054997814,7.674806018778483
52,-1.7391041535080503,0.5104676091802776,-0.15774103396497574,-0.16988494499411197,0.9267032823255499,0.13339514421301668,-0.42850879068810516,-16.623847336369522
53,-1.256572818413833,-2.000076695810401,-0.9266079955422619,1.3113060843098503,0.6003103941040154,0.20199778833634963,-0.6981645831332934,91.16095488989002
54,-0.354041806578412,1.1765416889282845,0.8884640606688179,-1.006530109365719,0.5475146035085457,-1.4545671116295493,-0.04302754372711166,-206.49676691452137
55,1.0499257326502303,0.4667920243948707,-0.7335198140979545,-0.7220667003612804,0.08754734320813405,-3.326870107456545,-0.9869604662956988,-385.4829701768355
56,-0.4427352374938638,0.32763107959685683,0.9690051889409822,1.344860476233612,-0.32069117709417355,-0.590677952435978,1.0102051837970971,89.4958688242295
57,-0.937594207970287,2.044180379200048,-0.6068744913537556,-0.8359741825563386,-0.3871545098081594,0.5004001988596636,-0.11006908258741717,-22.232719054633815
58,0.37775916980219115,-0.06182993958949277,-0.3367716402342027,-0.13447301272085968,-0.8661256069067167,-0.3915838087264395,-0.29667200946776284,-55.99804740185995
59,0.31171596435960985,-0.8600960913932836,-0.7410513723690458,0.06960731156306942,-1.794632567261103,-0.6309632677088037,1.3713204719910048,-0.5981220748244951
60,-2.333543400252436,2.0333354433183883,1.1112275344204163,0.8252150962703163,-1.6445032713721066,-0.830501434093589,0.6725228617680594,17.572916112846265
61,-0.06997780868904459,0.15000076471736448,-1.0542396337853575,-0.10505030362654673,1.162660406749339,0.27768096375701595,0.40879989427974933,31.671163403759984
62,-0.2322485320299149,-0.6545758651759813,-0.34682333476478205,1.284566053533697,-1.0658162902078807,-0.7348058747212511,0.9603222079687327,69.17700350849691
63,0.9328418955880727,-0.7441938625676129,0.4397763816548952,-0.23801487992648404,-0.8888065437171266,-2.0534471055257284,0.8750106534750496,-168.17387749746936
64,-0.8936092090801043,0.19626289408165962,0.7519023551703334,-2.0087845274474123,1.8969322435522569,-0.6437449001568133,-0.8758963700149516,-244.24740646768163
65,-0.21395153264211214,0.8465337771922059,0.5264218016253862,0.10254730101618745,-0.7711618724972741,-0.041927143124890785,0.11263533378592669,9.327159734259652
66,0.7057525382505124,-0.008981629456878432,0.7658674588387286,-1.07873948838559,-0.26623673799618053,-0.0781073373857635,0.0023593343235819918,-90.19479119999927
67,-0.7683232495933241,-0.07754624962855335,0.2912340100006445,-1.2474724316113397,-0.19733094812472654,-1.2038134694447238,-0.013339751350870099,-203.27657176260408
68,-0.04227153915261838,1.7710167533346202,-0.670363182417811,1.6436196140167407,1.2409190434572765,-0.3763340919999441,-0.6297218013260969,72.50391417896947
69,-1.43287273511097,0.39217284428871707,-0.5681156311061009,0.32681720009334897,-0.2943232437104846,-0.7260322718107799,0.5787609930063825,-17.012922533202712
70,0.52885645002903,-0.10143652633532539,-1.2930969709831213,0.30397087808949586,-0.6434262061032554,-0.0656117445396281,-0.06447816076727873,15.205792262172835
71,0.2003742185828377,-0.5214456462963479,-1.1109868593825067,0.5409147883562765,0.17658156523889096,0.13967523972490295,-0.46150455428582476,36.503330136023806
72,-1.0533320111739566,0.6711467630763592,0.14164145333083517,-0.20284073751885984,-1.2441039398488116,-1.3584540451126368,-0.3099831748776173,-146.3213235286037
73,-0.16200335506054586,-1.0271690756181238,0.13903252680171282,-0.4950024225737853,-1.1304040903383152,1.4001368343572698,0.3439427240421271,96.92450970463021
74,0.22884141179184464,0.6427799283063336,1.7395503472520868,0.04747301969442513,-0.18161071424981423,-0.8209228720230889,-0.7994290713620842,-97.63877165622554
75,-0.4436200433470193,-1.211358544381948,1.4817688052991065,0.5829451247478423,-1.12891946091627,-0.6190830315942413,1.8296198431593185,56.67490916997248
76,0.8899826362898784,0.21119585733664692,0.44996998523774595,-0.24654921586602202,0.7237632594593142,-0.27768592140040144,-0.6470339445345588,-67.2506149657546
77,0.8100935448602633,-0.08293439011215344,0.516525603905372,-0.07208161561784815,1.5249822745697885,-0.03601378707729676,-0.10469646136548634,-12.712251981687885
78,-1.6200755172897283,0.7244676689554119,0.15869899398419973,-0.5684049783284879,-1.5522784121789195,0.6085755734644681,-0.5387387461719194,-9.31022122589117
79,-0.8827088215741824,-0.09319786632608736,0.8847441942013677,0.4374102318607927,0.38320446346006487,1.0768296495301863,0.13563141605607154,133.785774156195
80,-1.787706035213936,0.5191055570821175,0.8203710362909347,0.9435375655473877,-1.6770214103773435,0.436471659807916,0.5719241557150861,133.17463956746167
81,-0.0022064454096617217,-2.023363939007854,-0.1392918827686259,-1.5311111075924402,0.03256546931249139,1.496951789522486,0.26797257647863143,21.476724754179706
82,-0.45330541587434314,0.403329382208087,0.28283339290259446,0.5153411994429765,0.09165758584126486,-0.7538959019202661,-0.7732647483212223,-54.85838387680096
83,-0.39099832458393435,0.8324431655559804,1.8697986136230553,0.31832073377970943,-0.7293826363055097,0.7653969495379638,1.3144749274102427,141.68239142122906
84,0.5178361568743584,0.16704868848906673,-0.7253153530750016,-0.9155590629051246,0.7988103091840112,-0.008720589985642384,1.5412878824408398,-14.384523930282676
85,-0.9315066409320376,0.9173255865548117,0.28428440906999913,-0.45646930546922954,-0.11704521138755127,0.7277584114713853,0.5791709915952917,51.39402758288362
86,-0.5681801531712302,-1.3110527127798894,0.11294137998824971,-1.3156689975098663,-0.3683580196964127,-0.5988026725316123,1.267882347417071,-109.15105343063242
87,1.0988868916768586,-0.11751055148168439,0.13304985355814108,-0.7274709324788167,0.5696497277120844,-0.40168818904853354,0.2418469808969995,-82.88210174474061
88,0.33606595164985836,-0.1521176868008164,-0.1890440514657522,1.1448553760006088,-0.44932860071632436,-0.16451505729345556,0.8297890458851083,104.46094030744032
89,-0.11489452796804797,-1.199818146060459,0.49738494439875086,0.7459047874847915,-0.1260660328527834,-0.3622559877193491,0.4554298609847236,41.169011358257265
90,2.3263909011211825,-0.3469405317942982,-0.6340531276364555,-0.31481184271131357,-0.15440996235811427,-0.594722498919069,0.41144351633837156,-62.01641415342174
91,1.4249670340520058,0.8205643322308263,-0.44685789677074395,-0.6577184471075346,0.5211094309765637,-0.8344373905441147,-0.48915700126062506,-141.67183555202536
92,1.104275941043664,1.1804881350168075,0.7565580930299501,-1.5761475819611213,0.8490184738110997,0.01995095562016491,-0.05354525598450708,-120.72791444981301
93,-1.9502770627300663,-0.010775641843918179,0.9491217282740722,0.8756889301774544,0.050906988483733095,-1.231664490693115,-0.43033555367957493,-56.972813234384574
94,1.383211110740485,0.6992220195515567,1.3274120741159052,1.055255327624644,-0.8406100806872421,0.2793732039081705,-1.6493754152758455,46.04363762929889
95,-1.2856646521948623,-0.5772875726806673,0.7784646466760909,0.1971689063348796,-0.7799430849202007,2.165270043790599,1.522514829294306,262.0311259767553
96,0.5072266040303184,-0.38380984617756825,1.9898352945052529,-0.9789306506980983,1.048388658412122,-0.2660210641477899,1.2218502608015014,-54.41617335907073
97,-0.5834145945790076,0.4406898724151096,-0.3250496283817861,1.8353327228648249,-0.560234506237797,2.5852948680645493,-0.7192538414266773,344.00547625842614
98,1.2723635662049593,-0.201348046368334,-0.41511161342575303,-0.054403179941272396,-0.010061692719665588,-1.4552230769891694,-0.8425906831447321,-164.04508546338565
99,-1.792760933324773,-1.4484157253887284,0.23298335849974983,-0.793546964363819,-0.23090514607062862,0.025495394131004954,0.5501194642997626,-40.35933220708402
100,-2.325703649275872,-1.7468316724334623,-0.08573481450085073,0.7635141100202681,0.5929546684579483,0.06583347472388941,-0.2305983859114193,54.36227723450138
101,0.9778945749983546,1.052395170586636,-0.42052448460981856,1.948468257163923,0.7057308620593181,-0.5915486017238467,-0.3143530795268653,87.923039552914
102,-0.23520952223559813,-0.03192598278910275,-0.8710825552578998,0.02336744056664233,1.0429561838963923,-0.2855754902604422,-0.23339125974423133,-32.06747741151864
103,0.5549268679098394,-0.8116038567777992,0.20054944962904,0.8276464697305522,0.026884071836737557,1.1409830231763223,1.4559438625761594,217.61034800112353
104,-1.0987389469960565,-0.3815164817650862,1.5844870563956763,0.8424562815713401,-2.6594494563834883,-0.6532502677920357,0.06648900914614486,9.474729908340167
105,0.8609156764710895,-0.4950008843955295,-0.5495690680522964,-2.2360465313955507,0.49193665899711836,0.20196252183739002,-0.26692306866022664,-165.40929055642295
106,-1.5457659265970443,-1.1476419223057244,0.26828464651312983,-1.9343182457131458,0.45465822287864416,1.2370763999607006,0.9421505449259392,-6.7416110258592
107,-1.3920665424457876,-0.9327502330358265,-1.322964713626879,-2.0064253713833344,-1.83039825398671,-2.6169269115258125,0.5100457903342384,-368.30037113865757
108,1.1495005677179824,-0.31461743565593103,1.3355661683407218,0.39652015868670865,0.302629336178099,-0.8759794776653947,-0.593755582882607,-68.98315148030893
109,0.49918435754761986,-0.9048818800969718,-0.9713322060557459,0.8635321006557288,0.9901526821366652,0.40029748684887834,-1.673635985455855,39.22339111655146
110,0.568641805437405,-1.4332650999768792,-1.2639749889746896,0.7346150345718113,-1.4590293531182534,0.25663714688340916,0.017831225630082378,78.50371785462843
111,-1.1331332736769826,1.161521490740773,0.43309255465669094,-2.343603190999962,-0.3040864388013156,1.1735314984949534,0.38607804760359454,-61.973176401093426
112,1.1298484109634628,-0.47961425482758263,-0.11775856876308137,-0.011855728176082367,0.1318332028441092,-0.14152337364602535,-1.5620076111383816,-71.67302466742073
113,-1.742872904242518,-0.5898086834155772,0.6036714606026271,-0.5248916671201976,-0.07961345202199653,-0.40706304681381245,-0.8625310861266463,-109.03988518926522
114,-3.136547096243239,-0.4197910957914159,0.3796281851602373,-2.4311691905885793,-0.9189602855071262,0.5753254857955392,-1.8663060144007295,-206.55516612378347
115,-1.6659087328610567,1.2814641595690954,-2.629726554826244,1.8999489273510959,-1.0783564587370622,0.4284356262262824,-1.4182527075025086,133.67895765686717
116,-0.18041991728015525,-0.3682070417595849,-0.0425684076706929,1.1194262610445438,0.310292864855672,-0.877869053130735,1.4786522766562715,63.257546372619046
117,1.7911036492236223,0.0901745100549257,-2.1765149141903364,-0.4266577770369402,-2.088710784322033,-1.6572082075062227,0.6228911851321823,-156.16338200970787
118,-0.41130148252708487,-0.07368262760498545,-0.18238766433347314,0.19984644923062814,0.24992816914997903,0.8942290077230766,1.1030192357102282,135.07827610746116
119,0.8511838935027901,-0.60009821039952,1.0693223667950456,1.1870364182573008,2.0793766512365606,-0.22118042596625312,0.15215679333482765,77.17661102956554
120,-0.17917593457444472,1.1813687269867659,-1.1118057205707808,0.44303942641679267,1.661668438081179,-0.1587928942230444,-1.3254261311634186,-27.450610431316036
121,-0.32824449276059225,0.2964903844193803,-0.9108697746931266,1.2002388522151475,1.9821633344362959,-1.7215295165978792,-1.0644030565082547,-98.22946073097447
122,-0.2363233910209902,-0.5047683741190548,1.5680050024093828,0.6856177463289291,1.962369646323448,-1.1502176711378702,-0.9496888805197257,-84.21597905372607
123,0.7157758316980909,0.02603512741749091,0.18083704524328612,-1.1779917262100872,0.012296620201436783,1.332233515205801,0.6426235427412148,50.3493395326597
124,-0.5226550900242121,0.9916602889207575,-0.4290122633501381,-0.24969259137090222,-0.052864739400423355,-0.17533077875855993,0.7929907179932503,-4.369144773971925
125,-0.381164619520885,0.6829213706163153,0.40794836267042056,-1.3343585791101273,0.006410206412873419,-0.1950379091272407,0.4537017730776355,-102.8257673645166
126,-1.6411177954260563,0.2776955382068908,-0.6036441806884103,1.8188903906609215,1.015725722796625,-0.9868106497534981,-0.5440839327613041,33.66110569180303
127,0.8493220919755092,-0.44531792212952664,0.2879183791563242,0.4242820931526666,-0.8782484297956586,1.3763066605059888,0.8472450567418129,185.11995834872667
128,0.7357206968150062,-0.375520371928011,0.17322550974396186,-0.49038237987212546,0.59872761022076,-0.23478894631429678,-0.45590077255134837,-75.89684358436163
129,0.26596161989711437,0.453550279438563,-0.20762616256188363,-0.8196800660743756,-0.2777432190996368,0.6010093192573934,0.23744181343293322,-1.0136429505424065
130,-0.8941254150013395,0.2601450551672763,-3.2775312829733116,-0.29619356449136736,-1.535874615829768,0.2457042717187358,1.8069977296708248,65.8722685910221
131,-0.7956810808045762,-1.3932521825573492,0.40207927197532023,-0.6035120407742821,0.14834230870626613,0.26322676471667633,-0.73513912826514,-52.123232494252264
132,-0.6742686968003343,0.49918307493787706,-2.308139906196096,1.8416818605872411,1.0582621426453014,-1.8910019299338736,-0.33474922341120456,-36.4220300789347
133,-2.1559372436506816,0.04470948908539492,-0.14109317496396975,0.7317303117852119,-0.5649212884338387,-2.2292814850066076,1.1429657326284985,-97.96633252306202
134,0.09904644537647583,1.9485881311049067,-0.718218579746127,-1.0198605279407653,0.1157200084584614,-1.5575634387299466,0.3576715344903783,-200.95366903590167
135,-0.16396283233959474,2.2825396395477124,0.3716221612603649,0.3432127321965482,0.1865215199860129,-0.33797214936443226,-0.4957788482144945,-19.099949027370958
136,0.6463503243614719,-0.5609986006931457,0.7168814293888305,0.5710335188840954,0.34828060843862363,0.17428368055647953,0.17514072234177805,65.37225980775283
137,0.4136863960615893,0.26730245148067006,0.8457478023733078,0.8984863519475342,-1.5175439666663173,-0.9781024051338636,-2.1739115754817284,-96.95619755453681
138,0.7954800990270028,-0.4133201198397661,1.0629571094219994,-0.37361954979191264,-1.056024254277245,0.191748112086116,0.20567479828839683,-4.806043917240257
139,0.8998890940029004,-0.14694318764881514,0.7402516839885996,1.5849359756314727,-0.19320397028540165,-0.29270937803343555,1.5394133875612162,153.38967743858518
140,0.7062456161057029,-0.09365429061659634,1.1232722951427618,-0.0644526727811094,-0.8743640966633188,-0.7302003834918545,2.0752273297070216,7.145534257424785
141,0.5570369353421653,-0.42102294293275605,3.0898500040049477,-1.0931472420974782,0.09813114995750022,-0.26044925911843975,-1.0418455786198926,-146.45646973065948
142,-0.4952102329253799,-0.8282957118443162,0.771192698888305,0.36828174156944365,-0.11477695200279825,-2.1316351033448617,-0.9914888438684559,-197.29244996429003
143,0.37664711044013555,0.6414681291744372,-0.10291825549878102,-1.1821053658062814,-0.14002955219312177,0.9092829373790172,-0.21903807741536976,-18.471634325270152
144,-0.7074208875637867,0.7583703471667697,-1.2214291650957685,0.9607819448432281,1.8044766415797258,0.6222204144679329,-1.1343184830306183,88.11178915178797
145,-0.6985899499363887,-0.2761794922507378,-0.9288919245238192,-0.5909722754694454,2.55043823587966,-0.9022460680705018,-0.5168838937325868,-144.74208520025547
146,1.1071475428704562,2.430563792410366,-0.4115649484637185,0.5101668388363907,0.8669965030693274,-0.5575391815296707,-0.029279432366781773,-8.175140767781265
147,0.13895571726056527,-0.1824976232756789,0.11945016466505277,1.8662082052630138,-0.8188992001165687,0.3152760818398397,-1.8282663395139096,104.30165801627264
148,-0.3284246210687022,-0.6758485051730069,-0.5623108097584534,-0.27888536777938505,0.11791358251374974,-1.321612041865104,-0.25266820671874984,-148.3235983410291
149,-0.0429269175745559,-1.0915720433431668,0.9207037064848604,-0.030880325882399823,-1.1012114779934905,-0.14645494181192045,0.05152758336580002,-14.624323222071528
150,0.717876554538234,-0.5385856308892919,0.7561519301876535,0.6415451944897527,0.4447362937211022,-0.6766149010861096,0.048388604345697236,-8.959912890888598
151,0.5449118010407394,1.7412245569739742,0.04193095104817933,0.0006286841107976548,-0.6089141957968919,-0.3977057560857359,-2.3030328195053826,-118.24669756266681
152,0.765784722510587,0.06662120511894519,2.182817943874972,1.3487037461670885,0.2895692508068227,-1.3051782005924153,-1.341871124417722,-60.506662821031654
153,-0.6319624765009827,0.21452712085289838,-0.9575590833417593,-1.2000771148687928,-0.10347644097532795,-0.07139352192301932,1.6894286718761466,-36.380387819637
154,0.6067012784369126,0.9404528004806799,0.2052196421565403,0.3114358782865486,0.020936697945500675,0.20592545721663583,0.1756416253160447,49.78704953438535
155,-0.41931648215268885,0.21611600626368202,-0.13232889843674336,0.5083962426834318,-0.0395702396936057,-0.6346793051793623,-1.8586123861234976,-85.19082674595379
156,-1.6669302931497478,-0.5857569978541174,0.7172459259879066,-0.35617085418974614,-0.6378479475577719,0.3162000453440731,-2.050408487992573,-76.04323250285412
157,-0.462865876368337,0.28774717235612307,-0.21445275025428703,-1.0178627290595672,-0.592966710881484,0.4319889809259436,0.7044508850090327,-14.177479980000584
158,-1.639898593118434,-0.5073249264561791,-0.44831827420571396,-0.40581844506136355,0.049823963232720016,1.1164653368798028,1.360224954632304,116.91097354918828
159,-0.45136105435065094,-0.5366853088375119,0.5188361269114733,0.11779654975533185,0.364448005146325,-0.41699414887532354,2.4871845753316477,63.61678872499448
160,-1.5877601985114127,-0.6709879812381991,-0.4020231019272754,-1.8330629537447996,-0.5942426700007686,1.2217686068985851,-0.6617690111232074,-59.016374015797396
161,0.36505351644084066,1.5317603163169562,0.7740820334046989,0.8211208773119116,-0.3644790916126585,4.108692623805201,-1.9858457737926452,354.5111867737766
162,-0.2924434220168296,-1.7053047768746097,0.5047947222594253,0.7006052296824002,1.2822799138900622,0.9214689030465407,0.8244529742196908,164.07991124608418
163,0.2465865108111366,1.3247107202517958,-0.4993892071825777,-0.47612981164976376,0.5003575042865647,1.3978004181267023,0.7939963846391834,117.42172208617116
164,0.9127873337838928,1.4252463392966008,1.0492491954538656,0.6344091101365193,1.1179423468678347,-0.19747847304055463,-2.3988221653716177,-55.475381549779975
165,-0.6971483560059718,-0.627642287282944,-0.7592253416328627,-1.9396296949669973,0.6104377612548615,0.6550321305353255,0.42917757167632353,-76.91981617708744
166,-0.9176593513931287,1.0270191040677874,0.19957271245575897,-1.1436052073674865,0.6956902623279685,-0.8717060759317391,-1.0116817715042548,-201.5990767375256
167,-2.0458666795913363,0.8488214486643334,0.4944938657688551,2.2426634713232216,-0.0019529124613947206,0.44020679628136666,-0.6332611907514374,189.73853757645483
168,-2.1929667027074733,-0.3080027315580259,0.5994656154289272,-1.3344122838221515,0.5762751140739184,-0.050866672635910916,-1.3289151428067367,-157.0849551697859
169,0.02120154785712008,0.28720820216008086,-0.0654096803390754,-0.33067584348757756,0.7661159035350954,0.18430173939835864,1.1895281369043331,34.99537582592063
170,0.4602833288553849,-0.9018130398900265,-0.07330930974961869,-2.82484333788991,-0.9995466269139658,1.101078872647865,0.36804292124677596,-108.52259884497575
171,-2.8387315239683675,0.414670117475916,0.09041045249159105,-0.8068216757792166,-0.6176564073661656,0.7638952762095477,-0.8272431193160693,-25.031717856032188
172,1.1833866172278042,-0.725013762237037,0.374756570469951,-0.5166283932207258,1.1999086737299607,-0.009271484782550705,-0.006171960493082105,-41.78211284722874
173,0.6847599689489094,0.20668989738150004,-1.707539050551093,-2.2273412922974627,-0.9865696649288421,-1.9166305190091215,-0.07087635595823141,-343.75362425785016
174,0.4673983991521469,0.22502069344504785,0.2082135290463337,-0.4923264190130846,-0.14314220192749053,-0.521494723473029,0.39472668341577805,-69.25435322617419
175,0.9463164085123248,0.2907099972029098,0.6412217706547856,-1.4958062939836374,1.535843918885441,-0.19162538293831408,0.1304049145553926,-127.38695316536777
176,-0.23618403085260128,-0.9887790487696217,-0.6376550124843012,0.25657045200129563,-1.1876122863852843,-0.15643417038462365,-0.33882196602919634,-7.600790545502308
177,0.25189659347505117,0.6397450303410187,1.0307962348398036,-0.0927475054364058,-1.074739373115433,0.14313852926351062,-0.04363097052831611,4.566434963151107
178,-0.2525458822395315,0.6963611506758581,0.2757510901775246,0.05758565058515076,-0.22603156340188285,0.4119756892351083,-0.6724204209366768,16.74396700498503
179,-0.44817482334436864,-0.6622090117942488,-2.505458132074395,0.19157364660777806,1.8259944571346691,0.975509412228565,-1.0235149847980303,62.367563333863366
180,-0.18027916042554815,0.045991714828262704,0.2387743941462179,-1.1600210422889314,0.2493724347061449,-1.3474929696528086,-1.2826995330437319,-255.9788845804584
181,0.7565021430525523,-1.2547203071128548,0.24143962884169234,-0.4683462595582319,0.49742564892473723,0.9381636712741442,0.12482364638584453,49.84805340958992
182,1.2023073990819109,-1.2586660446137137,-0.6128534243352777,1.433578509547188,0.2882408607384771,0.24911508537308166,-0.6201687431862615,108.47709444781194
183,-0.5528066779357411,-0.67177489086531,-0.3583724771832253,0.7932018472522254,-0.9200805910869497,-0.4109089835232745,1.2955975493181064,72.16699604740343
184,-3.3201198286394886,-0.7264972051565787,-1.8041786672957494,0.5316030960025303,-1.231279020926285,-0.5835254728000714,0.6282231225286059,11.982322972763647
185,-1.0322849056908274,0.7143196701109434,-0.6517718733535462,1.7141838095804167,0.031649439647863,-0.5494418140715733,-1.645415791371515,23.962921071997883
186,0.2873168880922344,0.3215059284045003,-1.2013658370890563,-0.4285946531299669,0.4539145844076185,-0.10364898021773093,-0.3067098110738141,-53.25558530400418
187,-2.129869204804334,0.2529459259222099,-0.8671255046975083,-1.4066995849136144,0.5053648958131307,1.5768901781404938,-1.3054334269301247,-17.473364392971675
188,0.868541846232423,-1.543768338015905,-0.590913058219754,1.636687373677564,-0.7608194223043006,-1.8139981000359637,0.19042617605713347,-28.326471914519686
189,2.249686847919833,0.3976915007371127,0.6189179310940575,-1.786611326576758,0.46355970985093675,-1.3727164011672237,-0.07825159458963345,-261.7299588724873
190,-0.6734393021051525,1.4424987994075689,-0.8440114806012106,0.07762794102677469,-2.4366527977315435,0.3046587872033069,-1.639725760033425,-26.10329211201254
191,-1.7934355851948631,-2.136196095668454,-0.841747365656204,-0.056266827226329474,0.5028814171580428,-0.4167578474054706,1.6402708084049886,17.107417500212193
192,-1.4746279564664293,0.24287429101830016,1.0369178206413683,1.4589709711560053,-0.17685588878250658,-1.5183726265876742,1.9802199546498271,52.169429869247594
193,-0.586405668334938,0.18036844849838243,0.8156551140682791,0.5739801776138781,-1.4002619082657894,-1.9990304888364796,-0.06939597936775257,-134.48755435043543
194,-0.05315877568486278,0.7850331807367544,-1.108322828064379,2.546576373339994,-0.13017405695773832,1.5868839977151084,0.6603819976288652,362.2039547080528
195,-0.8523417966884178,0.6653342779222267,-0.47998511153265094,0.08536443342265025,-1.0196490994759295,1.904375909180253,-0.849995502715066,144.05153434944464
196,0.6668256171288633,1.6586635172602584,-1.186843317245243,-2.513563609546703,0.37979285147132563,1.5390734401735613,-0.07043567356950284,-59.15738528575976
197,0.39416504445475875,3.4918769323735543,-0.042929141448381,0.3001735065213527,-0.5553133749296755,-0.7797647276049968,-0.6090396042476499,-64.27367627020068
198,1.1726825605641622,0.08813105729843528,-1.3704239829145712,0.8136763946582407,1.1135297903180037,-0.254511210981099,-0.028935845636677237,39.448073923697656
199,-0.06238481081508197,-1.4274317599946769,0.8133361186057388,-0.4435813076973664,-0.5886485700958441,-0.6647498498132959,-0.024921674894021695,-95.47868370029674
200,0.9058446563649329,-1.025428668458555,0.36594114670423616,-0.2952388237498023,0.8469122180423199,0.16842268898578225,0.45305307558105645,7.655818488719165
201,-0.6194374132594108,-0.11403808801119383,1.4904040829137288,1.5960640215157238,1.2619152246517087,0.6690910797386173,0.699992197313284,208.17589904982006
202,0.4248010428031259,-0.5537965268617788,0.9135054835995078,-0.7585115225390326,-0.07424105148695632,0.25554196785886957,-0.16412902313209554,-42.74582516207504
203,-0.7779077048882135,0.7307109497601691,-0.3369176270928262,-0.2594971631094515,0.5242322619939247,-0.9076015739932634,1.0201351875895621,-61.67094586769755
204,-1.1510029441411485,1.0330290659276213,-0.4265224708552696,0.5531642741578121,-0.14814719117730177,0.18040980691154634,-0.3290024347007063,47.669522593680895
205,-1.4745636660271912,0.2645227553666602,-0.7711032411311424,-1.1642601866191942,0.8205599751828531,1.0249961361846132,0.7258623263177081,27.627123338513048
206,-1.088751677383309,-1.6775653822905623,0.37428972527958326,0.9935055944790387,0.4514339549025637,0.19392842527138224,1.3921301151001328,143.49808878383502
207,-1.9039259847350085,-0.6033007309242769,-2.864217329210248,-0.6239403946435107,-0.07237347671642609,0.5893946648926686,0.21321587628988667,11.020897132526304
208,-0.10296103126109951,-1.5010400898075342,0.669229029240306,-1.6577347444332275,0.5943091570409794,-0.2112726914290075,-2.515439456144192,-241.41327425742378
209,-1.1342386871097858,0.16586052910520016,-0.7718958592741195,-0.7503496510773436,0.1928697269713015,-0.5473602763728737,-0.5200200390456313,-125.35409531636667
210,-0.11442129703012066,1.109143281361648,-0.49817419392175855,-0.9937609831185908,-1.060799036330432,0.7519648492148806,-1.7649177282757555,-74.41764812741657
211,-0.5673344421667272,0.7228732781145771,-0.36634990636507936,1.398565859700187,-1.5460347243322263,0.20131626071704634,-1.0717236113667876,87.06239392880832
212,-0.7302430081456786,0.7073605400310748,0.029359444585524485,-0.5036246822749436,0.6114363749740033,0.21742998437254055,-0.12427414455758211,-23.53693074543462
213,1.0858064040220967,1.1327460759333483,0.90217939544059,-1.338588879868523,0.39029644981076206,0.06046244900291209,0.3703048427472401,-83.17840956036653
214,-1.6755477808856216,1.1240597386707285,-0.28057598228087416,0.19515925264152842,0.48894958574046193,0.5133885906617767,0.5280288604919406,81.17225380523965
215,-0.4863185806843218,1.390346010109009,-0.32856846999650646,1.3353117518313151,-0.3646150027984322,1.088858465941407,-1.6516795997914293,139.8377063065383
216,1.9126006784907756,-1.0144630635201637,-0.04526320313206409,-0.9528971521266587,0.5769097178061824,-0.061635084622049585,-1.1152639630376215,-121.43636901232205
217,-0.8110491827695792,-0.30284748207172374,-0.8939477743294694,1.2196554552764436,-0.48061035452977824,1.1754298418203921,0.42903775619098483,213.56195138699147
218,1.0840659235317323,-0.3497873880694724,-0.05810387447803972,-0.01409114747180545,0.2691537127523249,-1.3578082789010109,0.32676866722181597,-109.27593032128334
219,0.6857692546624696,0.5179388610943664,1.1512837211687341,1.9220290082220224,0.41751812532202354,2.249754622760982,0.5544635588972743,368.24338566962416
220,1.3946899248718516,-0.10574702416642041,-1.6821588797918379,-0.34104871218911864,0.02143916637487371,-0.4880817215358618,0.7079826240633836,-43.40190934050022
221,-0.3587342124881809,1.882159772756061,0.1410189732831648,-1.592815494379679,2.2665713285740927,-0.5929545920976907,0.16079957367862624,-167.42610756115766
222,0.07072124557135243,1.045542088621558,-0.46495830696559715,-0.6172017250584507,1.2492557858683182,0.43939497772681657,-0.10593183564236958,-11.665554805577397
223,0.009380252529427266,-0.33756713614271694,2.1854221778558744,0.22634700626125745,-0.23263388519884637,-0.20549691327867295,1.6736704998786838,60.833676316817346
224,-1.0549156743499069,1.9020172233005366,-1.1827572043148213,-1.4978398055076185,0.7794800543734979,1.1244828606924742,-0.5803830380547186,-35.83089271263792
225,0.6600005135614802,0.10853347423172223,-0.875052799301122,-1.4456750703002956,-1.8323584687689487,0.6629511195583497,0.7186772841208694,-26.52578277395967
226,1.600010307111728,1.7598530107418302,0.6727621234626332,-0.5197810473397355,-1.1984226006346987,0.09394811506203532,-0.36450886891760653,-43.397455967517764
227,-2.311148322320079,0.9440898470276863,-0.7850461305244337,2.5511381209399016,-0.8346646751361354,-1.3526775220421998,0.8875887934002106,111.60852770003322
228,1.4694790519468832,-0.7684698404211073,-0.8039877698800182,-1.2899334156756572,0.8144972376414036,-0.592453889930549,1.4589994667328063,-98.93554127724533
229,-0.4144085975292956,0.5862040977207661,0.06731341235202175,0.19416869565822822,0.6317989237843664,0.7861460698232878,-0.02038729177207965,84.31042105785295
230,0.41064790469481754,-0.3035958757230168,0.30693886265525855,-2.340306821689795,0.022123640158344407,0.4985224615117025,1.1232146945886594,-95.69546720330749
231,1.1874137490072498,0.9800308385879186,-1.6994917684116917,-0.9289489458270888,-1.8532888650882562,0.08409491004979613,1.2452371757767107,-17.26404240467526
232,1.3195313651348608,-0.5442299529494558,-0.38849314955686465,-0.49249435900522115,-0.9939738205573135,0.39431662400282175,-0.5479768947829576,-24.109256568259074
233,-0.7898748930832099,0.37990135260474794,-0.6446598902008154,0.19959827964177598,-0.606821589663987,-0.17171558390145772,-0.5806281220548412,-20.770403533202224
234,0.39926632368609855,-1.6161756018887317,2.1468903668704207,0.07942432725440272,1.3865766703101874,-0.8261013573945828,-0.06482199198548609,-70.9846537431818
235,-1.9798752701229811,2.0412975203885506,-2.2994714701581507,0.17244020204609486,0.7138348560810323,-0.5529905128097972,0.46375426826987254,-16.086986649043638
236,0.4925818795484299,0.18041275878288948,-0.8364202117107136,1.3651293458574996,-1.058988333352547,-0.67917189365578,-1.0139768125701656,8.275282275345127
237,-0.9861608119528857,-0.705656217988016,-0.7672321587437689,-1.2670348833322376,-0.2045199598475453,-0.3638362961358183,-0.8701517376991924,-162.9944225626163
238,1.617709936851757,0.09628915069135123,0.3944954895098912,1.710695386825999,0.2486103841172744,1.0522409359787785,0.23641948574601504,233.96308111060162
239,-0.4124186611837809,1.9713565866225151,-0.8204986696390059,-0.693947037170705,-0.5156217279751633,-1.6893877595002986,1.3588220073071768,-150.3754999675736
240,-0.020193338568806982,-0.7941779636336767,1.1971798354351166,0.03249471822108281,0.21178717776129832,1.6980445091810443,1.0375649064595,189.89005472429676
241,1.3947663904827257,-0.10646707939899601,0.12215280574368001,1.1582457208672803,-0.6141728768583077,0.15029507075907778,1.1412771630999725,144.85203961556664
242,0.0935717871281185,-0.7513748417424552,-0.7396070759525862,-2.1035583425932294,-0.9457517119913266,-0.7222880550643944,-0.24814333545105274,-236.35812225126054
243,-1.0509602078919014,-0.6896441559540504,1.5184968146298465,0.9841506475086119,0.4625718776232037,0.5760552817715023,-1.1072548492461662,85.23463715065765
244,0.2733072020966828,-0.21202032638637713,-0.15500050256020811,-1.6015699286702656,-0.7087546199919933,0.27368303579202174,0.9964341046879848,-63.032279506530585
245,-0.48929317326523325,-0.6717098954487838,-0.2464316089047989,-0.3106419404444234,0.9169269560869047,0.3431808970573107,0.06791137013179849,8.052451453093237
246,0.633710809010041,2.307115280692177,-0.968499758582551,-0.9963251548243026,3.1919012466454055,0.05973095330143845,-0.6345411501215028,-92.62300044745852
247,-1.4553594449782488,-0.677360491743074,-0.3715191243558081,-0.2633880770504882,3.1609659695458836,-0.9969596870741779,0.3270670380187368,-97.0390508773921
248,-0.7455964142526198,1.3911624274193815,0.021260849809426777,-2.519579296368879,0.9109175148647429,-1.7492888038122811,-1.329346442504521,-396.7630040898533
249,0.5623605643614717,-0.08432268144908989,0.13642810483084866,1.7378244738354498,1.6567892997416684,1.1425935736104609,-0.6978812374504357,209.30576811240448
250,-0.8428557324050097,-1.7907015960897,1.0040469421091827,-1.3239640372903843,0.054583174215180844,0.5411059853754735,1.0824970792976252,-16.538475907095474
251,-0.15502609116776297,0.6530454138210415,0.3371388590047616,0.2272571288045196,1.580544617132592,-0.639720755007349,0.3394738038002373,-25.64192773561014
252,-1.4798732975841686,-0.03623857775559582,-1.3041317781626474,0.40547816085376426,0.6699088617958522,0.0762520430359561,1.7323869610894247,102.05792803751504
253,-1.4767440814600654,2.115465177199709,-0.12185212024437278,-0.7007813354350887,0.8581994279389127,-0.5374937198952092,0.7267873243347864,-72.40681786553714
254,-2.0878074622887244,0.6287758071996502,-0.21505013167504797,-0.9389989977388749,-1.075028563934741,0.7178056951262264,-0.5644934320615776,-29.36822217450455
255,1.9860750793068584,0.6242756806497425,-0.3949328303788099,0.29000832207095006,0.22903487374342296,-1.3699219200767077,0.6959934052009418,-72.11381374360673
256,-0.5264659224499768,-0.587757621210744,-1.2270862227779027,1.1943707904780796,1.488180592888767,-0.2375643932857574,-1.5048339601193865,15.070651590529025
257,-0.8653134150546412,0.40105442835292526,-0.6407201669966156,1.1439340371721352,0.28151971112201896,0.5370098417621623,0.50659371202344,154.99387138363718
258,-0.6037002254979723,0.0972856085442215,0.7553370678349403,0.132924055186507,-0.17321285720249424,-1.4688218912816893,2.178748510352689,-38.77099336276014
259,-0.07721866535295716,-2.0334665461226136,0.8247030054369816,0.6951196050469914,1.248212920597034,-0.09145262289065814,-0.18946926471238082,36.3916943014114
260,1.4712323029287684,0.13266038243141628,-0.8585360773188876,1.0072356139041962,-1.5989049019732768,-0.041278486387922315,-0.49985877906303144,55.87858407333735
261,0.7935245958607177,-0.34524196498894705,0.6878241589209073,0.9531774002958466,0.3916828643202379,0.14982795004340665,0.0802706183098041,89.48253134214882
262,-0.7322524941845361,0.585476440008347,-0.39205000815885616,-0.12390740139756462,0.7512151844515308,0.8625737778042016,1.9336815387754174,138.69252106765288
263,-0.3391425525985818,0.3232381803313817,1.3156925175967924,-0.5542335040312045,0.9798327808734504,0.4133453450642514,0.7363483999746305,21.22894747901038
264,0.27517918610657927,1.1667191372381507,-1.4958423425758691,-0.9008202345500735,0.2600923532577493,0.24071620715475478,0.049024245930231324,-45.265575477217794
265,-2.756578737123819,0.6077918185203374,1.7117704792365938,-1.3760260920958653,-0.3433309986383622,0.19721973090509662,0.052082865558510036,-86.34214043750009
266,-0.3446236706818767,-0.9827556665328718,-2.002079233146756,-0.1762861412530986,0.3032344329087319,-1.107438726275637,2.086682727497769,-35.36680935840212
267,0.7193346780121523,-1.562627547294411,0.6245540455224453,-0.6724641467847848,0.8694210135895347,-0.7625585835505574,1.7514967848490575,-56.30044046478592
268,-1.4394390267386181,0.046255523141696904,0.5242964300103486,-2.040323048728715,0.7352795760652026,0.3260034333869806,-0.6776755773280415,-153.91051799119293
269,0.7999706684814757,0.5115273252763909,-0.37036938206212205,0.5830536763685569,0.34152201058569115,0.3941610453454233,-0.3028474121346412,69.23850300036798
270,-0.7806163907248542,-0.0375202982533049,-0.4010268944427705,0.3906985174773879,0.48398246361641245,-0.21219413822626743,-0.044051427746317956,9.793762963484204
271,0.5423525721490291,-0.8442137038298618,-0.31350819699340887,0.5018572067813133,0.7710117380694115,1.3596338626725961,9.761471596093479e-06,157.8882430947185
272,2.102229267452569,0.4256062110933309,0.0661264168345027,1.6151762685116375,0.5355583505835698,0.41759273052626394,0.6353637577374615,185.65996030434744
273,-1.2558122151766846,-1.2530646968930834,-0.44351146249296436,0.3564358186661671,-1.5951343988587234,-1.3362268659192313,0.8192068337097612,-61.535552314214144
274,-0.00764231103606649,0.5651217345119038,2.6036996678523514,-0.5651193836365183,0.9359161499586616,1.116515990242778,-0.9033609101596184,22.13484656837523
275,1.013292871774317,0.35467061705308983,1.7577308234162827,-0.9461686365396965,-1.0926663036129547,1.2182004204149677,-2.2166683255468347,-47.11099907426255
276,1.0253669127691074,-0.01908070844478241,-0.8108830679416098,-0.9950906605390005,-0.12977519997662815,1.1422121239119387,2.5180114796517805,116.97125515360486
277,-1.3934420170010757,1.7345163444050489,0.2794337565448723,-0.5863879554769582,-1.822231268440837,-0.33263926484744866,-0.6127515576665696,-95.41002397977722
278,0.38599807551198184,0.07342828161515076,-0.20198874437908923,-0.5189746852082141,-2.0344512297829684,-0.9224436286691494,0.32596855295335136,-109.42167645421765
279,-0.8369324548151991,0.7783658777042087,-0.4074564233668153,-1.5514602525265606,-0.3060691197309398,0.5209562683099942,0.12268330620373355,-68.52145309389465
280,-0.731062569588089,-1.3662462572560377,1.4967119558964186,0.04573687169336308,1.343316499274114,0.32552734660505384,1.020269240739287,68.46518816575582
281,-0.16026255883298413,2.1624624121221494,0.0530264827598894,-0.13697829608834663,0.30835626159318,-0.2571249692243189,0.6575512468949224,-6.584312791053865
282,0.7047717761242356,-1.0835930156560454,-0.5854342913275612,0.475317258695806,-1.2699409029426747,-0.5947453010361162,0.8228397668612474,13.43766457925387
283,-0.5743125958378433,0.8974599734817972,-0.35120095485054464,-1.1125890548672368,-0.2582670818157813,0.7690273959022607,0.6873360549029548,8.301291638936164
284,-1.6787097440495127,0.0028874105646923753,1.1218865988230655,-1.2325391431835504,-1.291149046661543,-0.5367438693462067,-2.996761604762725,-253.40332089883984
285,-0.12622448413605752,-0.05674652003068351,-0.5583164334164079,0.4121461066519252,-1.4675814225060064,0.7940094514719284,-0.23141903768427213,93.33886252562498
286,-0.2290248750953007,1.4615694119793434,1.243150039309591,1.1352129370972488,-1.113357878796422,1.9796797055328659,-0.16581693645374096,258.0134412613363
287,-1.9312311645596185,0.6997343663582174,-0.13851636967302502,-0.014253594407076095,-0.8278297461128266,0.8245113797670551,0.4934839525105878,90.70651357014039
288,0.8181825119367868,-1.2949983189251044,0.5262992301806299,0.6643796920395689,1.7877877423389281,-0.6308875921880079,-0.5394065963557442,-25.72193609399824
289,0.07905399654897625,0.2828264214171398,-0.6884857041435142,0.9664989914895061,0.19123781813958907,1.745268437400901,0.6330227800426161,252.49341530194576
290,-0.36097108563900177,1.074795210315213,0.4508235347222374,0.8372903279916949,1.024925309310267,0.3380528122967326,0.35759715375092943,108.9695419037749
291,-0.3290741889996625,-1.0283945835288546,1.1084780341739808,-0.777855176085776,-1.2644524491668008,0.14571132874714418,-1.582107268071278,-106.87087871191963
292,1.3651728284470928,-0.2730331604372128,-1.4266001871364686,-1.0096641177798282,-0.32752817612327145,0.05655457471989719,-1.0274046309592542,-111.31901043765728
293,-1.6532007969067166,-1.3450478981486051,1.9486394921350654,0.36622276253745145,0.6663831873714706,-0.12391454039912173,-1.0091971016912973,-21.426410886146407
294,-0.04777713869099145,-1.1179618506337168,0.9172204776794756,-0.1762460665250549,1.2758269008188117,0.889122317888442,-0.34530825548133437,50.8713759968561
295,0.1527102593317842,-1.303005078988825,-0.27030833581805286,-1.4581377486624534,-1.0421587327956858,0.6513936526541642,-0.7922711865153536,-85.91926710568848
296,-0.483122548998735,-1.9446057799801704,-1.5330802525033442,-0.2828870722619014,-0.8614432555807732,-0.6634187459539974,-0.7495105312683328,-110.29508693176392
297,0.9833202317009447,0.9532628819797685,-0.2730227457759754,1.6198066892834437,0.9904917239451755,1.8076529653282531,1.9939662968429945,359.53852836335557
298,2.26727390426691,-0.508924537162201,-1.4689580238411875,1.1348757695968974,-0.45594475236602156,-0.017271622377043345,-2.4149686935396932,-3.6287717889192663
299,1.0408239533907289,1.4066962416613704,0.38047197021500045,0.20420797891411197,-0.21713526874487937,0.5662754414424561,-1.737959504384568,3.106861670054279
300,-0.19092456465529514,-0.517934324153573,-0.6252535181118734,0.36410861848181525,0.2892525357002619,1.2907679618437096,0.5812862400493362,163.00716503202418
301,0.3577469273589399,0.630971561952857,0.24514198473204302,-0.09595827005433091,-1.5539483498594469,2.0687108811461163,0.8775118977236104,208.3535941345766
302,-0.346521575151434,-0.7236344991261578,-0.3534618758456578,0.32099059955520887,0.265274408355645,1.9939162001208128,1.0384438801964329,238.42014190698862
303,0.5129400923526158,0.5320875268382116,-0.8614497816291014,-1.0630883829838877,0.11828977391570676,-0.916536165575519,-0.8781220547167073,-194.94713871654716
304,-0.4031206370175204,0.8655035792460325,-0.11593752788795815,1.8787549526546925,0.10081713669024528,-1.39665984437309,1.5168680356776918,78.92674690421408
305,0.6079534369773959,1.6568692363782567,-0.522741852909051,0.5998484606539068,-0.5179123826899711,-1.4544598168842944,0.30633630380025456,-68.8842627126896
306,-0.7002780873628642,0.40041884763722146,0.5929927932633268,0.8856915029709866,-0.9390573666975149,0.6901809236186843,-0.7096541894024758,103.60551282488036
307,-0.31418611051848944,-1.6649385265720789,-0.4063282458811452,-0.5481323649187915,-0.793675273935462,1.9293009859957675,0.22849881403002087,134.5610062952992
308,0.7075928660409392,0.8376157939660211,0.11405387792735878,2.5297348742134473,-1.2808951779426705,0.7135244477011201,-0.13168240325184408,254.58171672587875
309,-0.640418909626921,1.057634570430107,-0.09232328944024648,-0.21683126452622384,-0.23081300811125374,-0.3079353892608146,0.8423693449991303,-11.63817641352783
310,0.4875778093681058,1.0954277645467976,1.5438765972547668,-0.1717262462083753,-1.8527593302644443,1.4005224776651435,0.17621844293981462,118.10272454436097
311,1.155352872515722,-1.087385734009858,-0.738860189415856,-0.6780298615922257,-1.041597473983371,0.9327538583534857,-0.33460007180623086,16.370051456794027
312,-0.41013674172266634,0.33903748003994033,-0.21994216650674767,-1.4817715470637092,0.41730922328659115,-0.24434910997234527,-0.006827494162580527,-135.97522064141157
313,-1.027414950208554,1.3747560995736068,0.9236627033967553,-1.496468696273283,-0.5540485322594345,0.9901922234769284,0.9344915671402633,7.8213055375303
314,0.6816039715865458,0.5140290983076823,1.0064932189227287,-0.7947238303775587,-0.9420346118619211,0.07664890187437151,-0.012262028254905641,-54.53995303325054
315,-0.3245178909872563,-0.4151419697731788,-1.0645106516784093,-2.5143787109977893,-0.2558278227446522,-0.749026163817477,-0.7521332561837656,-288.724624283765
316,-0.5936467982894447,-0.3916813433663389,-1.1307162395158636,0.5905976715606672,-0.7736571415446366,-0.436281681843015,0.21582917654937092,14.671856178752714
317,-0.6269270273881418,1.1407220974865246,0.5168956740966381,0.08616922327309526,0.2506243198320681,-0.962698534819096,0.38898373368105477,-62.68974018174521
318,0.29921066962267073,-0.9100656426225537,0.6792671780240066,-1.1981403783170779,-0.017660679990449492,-1.9038211429429313,1.1764541926831962,-218.21577221322403
319,0.5011716015843254,-1.811330159713826,0.2640632712439198,-0.004966334741138716,0.5137617770888909,0.9557526467966926,-2.100191692044622,4.364241348606768
320,1.3837810348694022,0.5998204294582221,0.14834924340148598,-1.9135232182970854,-0.6535414440345464,0.1099510128207583,0.5493844654591697,-117.21940070028593
321,2.2922080128149576,-0.9090076149268493,0.04153939299840346,-1.057952218862339,-1.1179254451135168,-1.2452880866072316,0.5514540445464243,-172.3393371524665
322,-0.4273509357793124,0.2622053859838585,2.131246487834625,0.5681603186557863,0.1401541719441677,0.9851679904432313,-1.1683078561304467,88.00192537080875
323,0.4884966659384203,-0.31582804317236896,1.8309466569846282,1.548290693962678,0.9401759927377288,0.3098462773847513,-1.125903780697406,105.06059537581322
324,-0.002111159926847774,0.05570279183586543,0.2810481518633767,0.7778651530672539,-0.6590164036983174,-0.3378536925278026,-1.4781634902119645,-24.27519742705939
325,-0.7463189898492898,1.3592943679225946,0.6727652589278552,0.6519162877771204,0.7667442943927492,0.6153042125339241,-1.3825884148505516,55.12036472008497
326,1.2462817323081579,0.8134336738755577,-0.20617025190204297,0.009876068981459672,0.059367594634301774,-0.7399318698030295,-1.0146626830717715,-101.15953677805166
327,-0.21528848909523834,-0.198893541911912,0.8804182615280306,0.7664422436195962,0.822847636086612,-0.06304188383399101,-0.8592605143676187,21.695025524238037
328,-0.9055265601175291,-0.5625891584207707,-0.0368937207429153,0.891728489748308,0.4094552652345265,-0.5777680072662703,0.17654420757969203,23.81344889927575
329,-0.7243774094634233,-0.27182112632644256,1.0955422592558364,0.49558839534617405,-1.204167968908614,0.48720023996831563,-0.9639652133297858,45.38852576525364
330,1.7672996829291094,-0.5204257011192521,-0.6360438574731733,1.1016479659352156,0.7612641183232343,-0.7547031785990203,-1.7443266253599286,-46.528554955781445
331,0.011644099315069894,-0.595541109162994,0.3374574422006986,0.8431923207779911,-1.1354775946071094,-0.07821924273496886,-0.3268666178075603,45.52323459318268
332,-0.3789877882091447,0.5587127202999242,0.020505118896650996,-1.0713342164990416,-1.1104925588953851,-0.13753852950614973,1.6898812752263495,-31.87056499178773
333,-0.17307116522547483,-1.1949998949248835,-0.39534640116680836,0.29243206732993554,0.8708407646082093,-0.5713816078832427,-0.48793054419186477,-47.20286952349989
334,-0.2501906490273276,0.39637808324300533,-0.010413994470485256,1.9473110410502417,-0.16871675263417402,-0.4731920792189866,-0.9624987333527907,73.59983051438834
335,0.6126774913655503,-1.7209049874921136,0.5173757728114553,1.1869714620114489,1.433878293754361,1.3911561566667785,1.099974514715843,253.30370256379712
336,0.9760894339125433,0.018600742619314745,-0.9532690405152393,3.5769683092324835,-0.14955854722658274,-0.4127902229743135,-0.23962861948079336,231.18617152801323
337,-1.1095080008807998,1.0996086261478037,-1.6669771278806946,0.38300857986707637,0.22531780220998399,-2.2526852817522354,-0.2421620155632103,-177.00646992757157
338,-0.08151416467552526,-0.07672839496727196,-0.0398935216805006,-0.13462064979666258,-0.6186938175159893,-0.45774659277223734,0.2518290463107146,-41.59540933815141
339,0.8978396819896863,0.2672480909042766,-0.31974584204874307,0.11410724455819124,-0.557114597004205,2.0409177537355614,2.695427364219118,288.91965684772197
340,-0.5542106208413963,1.2475949323501623,0.4027438375738607,0.005114477161224931,-0.15117758104232368,-0.47576219339040365,1.5868022211799337,18.423489546190176
341,1.2734137310871871,1.7851333081769927,1.921868535313019,0.8188967795970408,0.21044805241632553,0.488467518249426,-0.5207977872489352,89.1518833273374
342,-0.8003025135857529,1.7751721469374477,1.351257865688044,0.715088171913615,-1.2012197459956613,-1.4456932732480328,-0.6950125040015293,-96.08046780447717
343,-0.5557801447058143,0.7085275332028773,-1.3904871689052454,-1.0352497093576072,0.23601841131424253,-0.7334250664653087,-0.2186178796445399,-152.0590781035242
344,0.8030678776462219,-0.3004963934316089,-2.063066754307596,4.1333623096040775,-0.9200543638740982,0.10153986472614798,1.52418295850111,384.4319007582477
345,3.0094311885565737,-0.18530621098365718,0.1516470922636853,-0.44728371789815247,-1.298238354467522,-1.9207477271003446,1.2535672542353968,-158.02137463413268
346,-1.1249556216456256,1.7878982507005232,-0.07130824689512472,0.5000229613119415,0.6064588760560982,-1.2035636099681162,0.21861575836709907,-57.54575664302665
347,-0.4188408718328557,-0.1208382756290028,0.4924855003539733,-0.36322451814885326,0.07127987089431422,0.3393480843916682,0.7818907330549651,30.64929027602524
348,1.3690160244009684,-0.3512624610927729,0.7253532593570585,-0.6120947501678102,-0.35947445914503007,-0.6529311451382788,1.0454779876385054,-66.70431101041552
349,-0.4593545672163019,1.2621430409311818,0.37728075924910626,0.7882924011192128,-1.507499527216914,1.2860283523332023,0.8239942115373212,206.32076418851662
350,-0.04263560826975404,-1.2113507751141268,1.362597550450378,-0.3246328874442255,-0.10239452187152923,2.0532613836339255,0.32378024503383257,166.80445258516843
351,1.6479446334165904,0.01767152112702768,1.0917086302169383,-0.4371325650560525,0.47416085312653256,-0.3518269779648862,1.2860207567775086,-17.298374720372927
352,-0.008748619876115617,0.20626193501125906,-1.1116651069992876,-1.3027171104704678,0.6412577066870195,-1.3041442102632446,-0.3289758041012909,-227.75458323155527
353,-0.16964576207570561,0.35152693979514116,-0.9701406085398486,0.29379320553650506,-0.9867687040686193,-0.8503491278091319,-1.6230596837791849,-111.96213891024499
354,-0.3102020096680034,-1.0948061302321062,-0.8749061669325118,0.6282640417030574,-0.9780860456457479,0.21773837666533555,1.685402988181529,128.8565301088478
355,0.03592528245511326,0.08043039884739027,-0.7961813948338929,-0.5302427526239428,0.8308785343568844,-0.14741708417411323,0.754160972742026,-26.035497239649732
356,-0.8385124432042234,0.4276410383578448,1.6581526312507064,0.06582241046574615,0.7713477414802735,0.8166671297679959,0.7451406218303778,105.20184049689274
357,-1.4533643496567887,0.8294584306133939,-0.33801777735622784,0.5143707174654486,0.3591333317938045,-0.45422785471611027,0.6306219672771203,23.881927960700047
358,-1.064192715572548,1.3445672256765915,-1.4543716088225944,1.6920435281914445,0.5234771681567553,0.5880527122197774,-1.023720039632125,146.35324421679803
359,1.1403237545552516,1.4861889467914904,-0.8685547068760341,-0.3105775291617566,0.627659003406968,0.06018451305592677,-2.604772809417362,-113.30977318484334
360,0.2964832245292227,1.7249907223669951,0.45093771427465146,-0.3228517531735929,-1.4730136270335803,0.28143291390343556,-0.9323341460937669,-32.64917980305758
361,1.624625627593815,1.6837438413400596,0.6257234597404121,0.031158203200666514,0.9923589852495763,-0.4831599400528999,1.614658950185133,21.29713618460881
362,-0.4929949114545433,-0.2545304593445047,-1.0865481528840086,1.155530589628884,-0.2309174972810981,-0.7081943801830011,0.5189249241623829,45.683988153849
363,-1.6258742862058673,0.3262703853072804,0.32645507230719006,0.4606258064706026,0.8803335961845179,-1.2402414204877212,-0.23049337288360777,-82.05030848410465
364,0.34465083200084634,-0.13476107586329708,1.1387610584163321,-1.5293830922213292,-0.1725362519367236,-0.9800781676502259,0.2091608264966229,-197.15311196634784
365,-0.2703921002059724,0.22550144960134552,0.9278093552958007,0.06305943749427954,1.169731618159043,-0.8605127577915862,-1.9440809498985407,-142.6973891929315
366,-0.06693104399651724,-0.6815306444640257,-0.7877495403193006,-1.0992973091284242,0.42475367227529126,0.5928067967811247,0.18006668493521302,-26.730411903462365
367,-0.27914511253119834,-0.6174507104886462,0.41770234068605044,0.3375147133185462,-0.8721049422838726,-0.49502565494641587,-0.03437988246120591,-19.57336474221771
368,0.8416144443462651,-1.2266030485008859,0.44428556247928264,-1.0156929487583688,0.6367121527991919,1.5343554608822227,0.35630181554482215,68.765057989064
369,2.144678089111037,-0.8404430124914968,0.12110558157832865,0.552663695604199,-0.8468287519418934,0.29952681318015834,-0.31227066965864375,56.68532071952828
370,-0.2672849959338595,0.6372434318338969,1.1441040922786885,0.9687186665904887,1.6275675330986064,0.24601363800680343,-0.5297085346339093,77.72250813382142
371,1.2920138149635305,-0.8570508114681482,-0.050757373061011905,1.01392756363734,-0.9044650381930521,1.2288806103787921,-2.037370096302168,110.60974146699525
372,-0.0872364470397206,-0.28426165391788677,-0.6980669395636352,-1.1514476861125065,0.11506624704569181,-0.5829301056127938,-0.41235523638592136,-156.01611106971856
373,-0.82714174522929,-1.3570762438575976,1.2005603669899305,1.2884772349364564,0.08028126689102448,-0.7411117163873594,-0.5510233400249999,12.28532592397735
374,0.4090766064869274,1.7347626848437954,-0.3428127042633284,0.15656317299570796,2.415256779380845,1.0295740390685735,1.0887706332580314,145.16338805364887
375,-0.578089148759065,-0.6771006703271639,0.2236902849466473,-1.0110747500841566,0.3665931977064946,0.5611641980874248,0.148227435905616,-23.87706332127778
376,1.2140944995370127,0.7800520458865695,0.5375862589335864,-0.17241021969164258,-0.2176834968255092,1.5879085979712195,-0.6341279712221284,104.29395789743101
377,-0.2093757072790705,0.8650573861560134,1.4733436471202586,0.13307492447485397,0.643256277885669,0.6068399112654835,-0.24397998826896833,55.80420629385867
378,0.6545867855963978,0.13250090745822504,0.36613591414305585,0.06355604763569161,0.8619611480074375,0.8452918159978792,-0.3459924212349105,66.8993597119824
379,-0.2229324049971426,-1.574108268837598,1.2455476788983593,0.19433313319754628,1.2998153470272664,0.7834343909728855,-0.7684094293068287,54.03912647084927
380,0.42382470786588067,0.4323957009796062,0.7991799950350154,-1.0214147305220664,1.2626136633248202,-1.4731732477998856,-0.32358007007652395,-220.48497279546348
381,0.5733429085084808,0.5218069706284418,-0.12474972426163422,-0.03154737290361876,-1.7299502125675141,0.3144437342194759,-0.14639464210000389,20.491498650077933
382,0.8322504435618043,1.369907414548772,0.12939757356331255,-0.06908564487425248,0.9988640384294861,1.20681107459318,1.1538886406333257,145.37197312332717
383,-0.2987258432131629,-2.4131383417363272,0.7380170766446099,0.7856587794645187,-0.7817992230365202,-0.3734208743036909,-0.7127046039164141,-1.2639418340226598
384,-0.34375380734464817,0.36893597105111925,-0.7784617505368367,1.7391338485399734,-0.9652990780749983,0.04784625208114017,0.09518325608123288,142.5700482460374
385,0.7345189188944968,-0.5867679005854531,-0.23493024097000295,0.05788055045426294,-2.169850303806109,1.0200116560844064,-0.16201951065403583,87.88672539101564
386,1.7048806634221652,1.33551673294589,-1.1179735147491807,-0.3757793012213271,0.4807524231713711,0.7856407765151169,-0.2839608014713646,31.304990744829375
387,0.7614484031257602,0.8375028909877477,0.902256390799344,-2.9537555493190912,0.33184393771248366,0.4563058707917697,0.2904071696787565,-176.34867447246103
388,0.15425813060943266,-0.8748579739212775,-0.8619030767263027,0.9054183652067983,-0.5459057400997855,-0.16368332023330737,0.3251211053455814,66.57384944461715
389,0.01017655291922074,0.874328164466829,-0.15139007589662046,0.06699714702279543,-1.0994121244898645,1.128326738862537,-0.44666667661045595,89.25624261099996
390,-2.1686184989032724,0.4571885208182008,-0.6651801660841696,0.6961937524370047,0.8387129855080627,-0.03468536600121504,-0.17070155111718974,44.945642716326134
391,-0.8079649866116945,-1.080675274210254,-1.1438008308968015,0.27772181690660375,0.29669513566806444,-0.38453333453887567,1.5387359939272038,43.18594782739768
392,-0.35184274525547066,-0.039132253275620095,-0.12938237104887437,-2.3932819707703072,0.6632431644875166,-1.4322912780511925,1.7604383981168756,-246.40903640631245
393,0.7348846677409518,-1.0870905748424415,-1.0613657439308382,0.8695981975449449,-0.10851682391898448,1.5014369152565779,0.66422141339563,223.10896609653028
394,0.26090862839249035,2.090233068359113,-2.0071312853774055,0.716719755121188,-1.7347778429674159,1.3265121986826172,0.45322938470703217,191.5795730243684
395,0.12562309900206534,-1.8356857252517118,-0.6574168963717284,-0.7894150106843699,-0.8679914774692424,-0.9380593536935061,0.35261273753819017,-132.83786572656675
396,-0.010871881994861485,1.1274687518533664,-0.07184258478087502,-0.13107085579746636,-1.672089929509621,0.8954735239894113,1.6776826004353005,132.18388742389254
397,1.8439566470007127,-0.07047705088012013,-0.42657080383788015,-1.1181609589524386,0.488540387462982,-1.7709121349040247,0.29365777050808095,-231.99480499193473
398,0.37654591103404106,-2.3744026840662538,-0.13547976430318212,0.15908848665021955,0.3359083951093597,0.05725094652111058,0.05851993528067137,16.876818084187562
399,2.0830593102595256,0.1532001161162045,-1.0191331306822646,-1.587295576479942,-0.484130341153043,0.7386377969874374,-1.7336693218625328,-121.37533633838555
400,1.2395638124694486,0.2748664205233325,-0.739546350742582,0.04651067274983724,0.6313191638631964,-0.5997452328296794,1.6354516731942192,11.394990702557038
401,-1.3000259594766845,-1.6594705603179665,0.6750110662237789,0.12292006653635211,-0.009291914085072931,-0.3589552074356024,-0.8473902555023575,-55.35113046129283
402,-0.29211156695500584,-0.05042725826637084,2.5109150586717437,0.6841935402942141,-1.1933701618073407,0.7297529464071254,-0.19684555650135727,109.9773858645004
403,-2.7223530087537102,1.262240685647125,0.24212624876655967,0.6697604139528359,0.7290550337504446,-0.330382716518391,0.12049933105633584,28.45297313298803
404,-1.1133013122888222,0.3454493700536566,0.2580030246049355,1.9961107776075118,-0.8484144574350586,1.0743614124384175,-0.38280309959716463,235.36694341056514
405,-0.27257631685623257,0.17992234187502695,2.386156975201542,-0.03411016055943263,-1.4671070232822285,-0.9012799579570561,-0.15734925495319874,-87.82233876528832
406,-1.4660558852752632,-0.7018630673832401,-0.8922348303464606,0.12259917910018736,0.7283178201980811,-0.8425304627496412,-0.06842559182628244,-68.2160678574302
407,0.6113407795737174,1.4676780105734129,0.047970591868188375,1.731184665980468,-0.8291352890147787,-1.8680906545637634,-0.33567733852384746,-41.89857666258749
408,-0.6044583415956847,1.1134162271793842,0.11581714340030545,-0.20937184386589455,0.3927231631058914,0.8178505918529546,-0.7432973334218372,29.787316598923567
409,-0.3348441254577186,0.37879446570697467,-0.2835195163633108,-0.6183754850876789,0.5384242627906191,0.5489465598226189,0.513251444309333,20.059398844627616
410,2.412863705416908,-0.40701136594234805,0.6333017963018253,0.9476835705838281,-0.19559858773713168,-0.9428048163867511,2.3615483569748483,76.83808665319246
411,0.6356478884472019,0.2680117840883157,0.26448360406258725,1.320966314357683,-1.3720743291855664,-0.5283529868133336,-0.6558069632703147,31.511812107936407
412,3.2797454011113993,-1.5466746112644163,0.9708613200402733,-0.25177411836982405,1.792592852398284,-1.4188105511485343,-2.0826519357449493,-223.41000090166338
413,-1.6522002912415807,-0.17499684373475996,-0.6756617890008304,-0.9338306614168933,-1.0670671237833231,-0.007601138413295659,-1.4371434322307797,-126.15637308325182
414,-0.5523990978787076,-0.8091722229546572,1.8624482407596714,0.22623415459980994,-1.3555033977241104,-0.033041457655061154,-1.3336995049951594,-35.621513116789764
415,-0.2087036291125146,1.6210929776731056,0.1376179913049609,2.30237828854235,-0.10335216830067509,1.018717046893108,0.712683273479498,296.02996161949125
416,-1.2922238111816327,0.4788046089477663,-1.3334039877945194,0.010034370266821283,-0.4698406767537679,0.3116039835298371,-0.08030559203746405,25.849469965254606
417,1.3513073238132811,0.7463279637477623,1.1462821601333955,0.330016806560971,0.2228868286809419,1.1052117674489728,-0.7604681776113899,95.80462572850834
418,-1.4018531271543777,-0.5015124848500528,-0.6932255980090163,1.4045297463835686,1.6478751713610358,0.06299267544879088,1.2722446257556403,160.5815942339334
419,-0.6675082529730677,0.42016293984183195,0.6648573576048594,-0.6041318688756462,2.3354379885233736,-0.4545375030259945,-0.20251138230618648,-93.84087043418216
420,-0.9115196178246695,-0.1565522624422006,-1.5500360326200981,-1.413960547641004,-2.120773336090958,0.9171239278462597,-0.42217814689731664,-44.093443618951675
421,-1.2457265530543504,2.6703372447996943,-0.16716877435038,-1.3696386726262684,-0.5766109302850346,0.30752552669726113,1.248450298019977,-29.60374669120683
422,0.03511023762508968,0.5687255935861036,0.1967852699696977,0.08193179303476482,0.19774991367911982,0.37322698074265814,-0.23448266812459279,31.248571133912364
423,-0.232897001048777,-1.8007160407859215,1.110645280314125,0.7120612274258531,-0.3733388129364676,1.4088339839624746,0.7475989417792678,205.04646038278938
424,0.18896099506741396,-0.44445477140699097,-0.45913492833402875,-0.21542415113880914,0.9117478653157223,2.6796442348500067,0.42382096062950586,235.09492670954012
425,-0.08224537503313031,-1.3175672697540375,-0.30466658484965703,-0.07663956399736893,-0.15972413012138645,-1.714067411096033,-2.025593591834587,-233.57760579624346
426,0.5540578272124091,-0.9633890972579904,1.3253384844974956,1.0206136096831133,0.9970797909580156,-0.42543768343790866,0.0467404851532594,41.98125570214579
427,-2.434767576521044,-0.2690569602160135,0.11272650481664892,-0.15349519567694914,0.37044453666323424,-1.4212172273041268,2.2313667888866044,-55.16771706521929
428,0.3805488600210808,1.2823651538413017,-1.602314243335623,-0.6388247795057341,-0.09725292005031594,-0.4496731483918322,0.3491576272822004,-74.74656605097243
429,1.3440123861107132,-1.105822822420114,-1.6421272009522956,0.8565535342767875,-1.1531270119690558,0.6646015804780754,0.3715794901506154,137.38353253107323
430,-0.6168444703349245,0.14888618882722698,0.3213357957800812,0.8843589988951195,-0.9464468643059093,0.33276252312412447,-1.4626783456605599,43.83749806795804
431,0.538393614311805,0.5130650666733377,-0.38911879131936244,-1.0795839265027458,-1.5070758822116932,-0.12347384632592827,0.6907420810383345,-68.24395106347448
432,-1.015108689505118,-0.6750630208644234,1.2861382529542338,0.137874942919374,-0.9708001505006844,0.05565354708309155,-0.08856219986121784,11.547132356795618
433,0.25630839157723,-0.32093470783238803,0.7676250825051286,0.00565779713141904,0.7830200873402383,-0.7983487290498046,0.2495135497342965,-61.18033448802426
434,-0.29930598953568227,1.6563086186603948,-0.056303567080774414,0.8599634830819757,-0.6643036590367504,-0.4041191290268601,-0.20767482429277775,24.95266644591886
435,0.015117526399323448,-1.3809300306514776,-2.1737373268444116,0.01689319676050621,0.4425928453511307,-0.02428334383363513,1.317103339155433,46.30676246339659
436,0.843393007451568,1.1945101629366521,-0.2971747840684916,1.0014713300518612,-1.114311471294798,0.7614850785178312,0.3394597716251989,158.50486073561774
437,-1.4528313838006368,0.2554337366582909,-1.5101025751090946,-0.10708879337222815,-0.22136294807762277,-0.4111093379585955,0.4297154552450398,-28.406791460825936
438,0.6442491791125964,1.8343767047540742,-0.9398896691139641,2.069684124667455,0.05487571236237143,-0.7233004038684901,1.023658252418737,135.97935861615005
439,-0.7453330803682456,-0.6449557346942084,0.4182664107878549,1.2349819128945396,0.7710179933494973,1.8784717146719372,1.4464504574011554,314.037517946356
440,-1.8926352335181236,0.5879295951455561,0.2523082246772736,-1.0290720846167267,-0.15730922736768396,-1.7690965446308715,0.71545760498249,-208.62858819941928
441,-1.9833695176662123,-0.7258412092266159,1.2872281912066268,-0.43662875353328057,0.025894711406744646,-0.45866783653659293,-0.39234698187240585,-89.54768079305968
442,0.8463118918420798,1.0198547293692373,0.49794014836682077,-0.18325657377958135,0.12650417530650623,0.591666520727679,-1.482465477822671,-15.585600325356594
443,0.03593418000341157,0.7536579293753193,0.741614046538866,-0.0960824565097335,-0.5686951372765738,-0.4929852568511962,0.6496361781879872,-26.103420631298164
444,1.0003108526181363,-0.11490182091008144,-0.3775807842791851,1.562019163751696,1.7026818806445492,1.4396767205151964,0.41173407701356773,262.9218351955479
445,0.922512320439406,-0.25423341256580123,0.19557231544411002,0.0020270923314550673,-0.018225082394306383,0.2341568736602126,-0.5284758960162087,1.0154028396408883
446,0.5797223054639624,0.6498818161761086,-0.546462295840062,-0.4275948142709191,1.2700647523182587,0.3098540430295977,-0.3572822056429485,-18.176282809204036
447,0.5470731992272474,-1.167330018546317,0.8330185890439177,-1.6785624527441492,1.4913897159044267,-1.529801767402114,0.8260155634540104,-235.56454112522468
448,-1.0026165457117748,-0.9437258828246979,-1.222778908039116,1.2092207508179615,0.6459432047885942,-0.8595581736818898,-0.5876793462024393,-5.193377897023666
449,-1.087394796735686,-0.2766663633760728,0.7020135249078566,-1.3871694133275627,-0.3561359306364889,-0.08074795743806894,0.0828224803114542,-111.59002581861535
450,1.36432789024692,-0.7193488191516558,0.6977738758177617,0.2746999568249692,-0.46875647280124383,-0.4806853755889943,-1.1453554337654894,-64.33554993973148
451,-0.5007914895154542,0.13492546217094,-1.0881615688012674,1.2887694068618765,-0.7578555532194674,-0.8298748447104052,-1.778600641324842,-39.24149459847608
452,1.2328906093472412,-1.330854246434545,0.49983877389241194,-2.3648992500779857,-0.10583581528029903,-0.8838136097984463,-0.05132040683942823,-264.1868399728943
453,-1.4875828946269423,2.355541229174541,-1.0857333171728771,0.01465047034380217,-0.43111557169019343,1.27030290215904,-1.591787726402281,57.067459807613474
454,-0.3804974539829458,-0.9403199349962605,-0.7593797586843221,1.4719330102096961,-0.5247433397276035,0.053594477568751506,-0.9104444675659734,83.8051119653118
455,0.2529241159081826,0.23131711658887785,-0.5786864172433068,1.8655954984261842,0.16544826970844606,-0.8412910231158969,-0.42425085774908444,54.495662186088815
456,0.5850760439251593,-0.45842818574165745,0.4052894562380805,-1.4145786557631719,-1.3881684753469057,-0.2182566565817696,0.5429692440458065,-109.04401944938508
457,2.4140929646763145,2.225346241413759,-0.40965400761969567,-0.323284914823004,-1.4128124811740248,-2.047102510528661,-0.901749711003121,-236.5735903841378
458,-0.6884510708320924,0.8027636900891059,1.6756082966030161,1.127393918897941,1.4186277524817053,-0.07348654733880948,-0.25719258408727413,72.03481984659736
459,-0.6216759985433504,-0.7523155438411441,1.0100207277511903,0.6014344104682569,-0.4327161093287717,-1.4332875808282641,-0.7551028356321576,-108.79687031504392
460,0.41410374793434646,0.5472618035108127,-1.022988219179459,0.03006005585484988,0.7895225604104245,-0.28770370962772635,-0.2663178683874312,-32.31190260609943
461,1.7170339059271014,0.9152287635247981,1.3393396787141976,0.3277542213861825,-0.2493416720300847,-2.260228710125803,1.209409503398346,-128.49975421896315
462,0.9003624233353846,-1.6308655166939299,-0.7498140381111295,-0.5856374517392958,0.0857503933675255,-0.5009521328612357,-0.8540844052876272,-122.86781756012908
463,-0.9531056662514747,1.3020722174634105,0.27336627871694164,1.3486451912170316,0.1599342350729595,-0.5885695816155436,-1.046153421688167,15.056377363093553
464,1.4511698997815163,1.6419146374719469,-1.0649278800787134,0.04195762919699333,-1.4008454548115612,-0.6031407921579915,0.3116977066622208,-36.66286503483299
465,-0.6172073755801387,0.38827832305411947,0.21358855983226163,-0.053283322941245735,-2.6760267468055807,0.06416729945793144,-0.01739642187288117,1.3349627964283894
466,-0.032965329651509945,0.41644121627777436,-0.3641832500324822,-0.008745695818142727,0.6997120169547391,1.2370310135923017,-1.2936946949792085,61.18570420627754
467,-0.22160957854990554,-0.38221598502177856,-0.26016279933910225,0.27124469343567714,-0.370121608190896,-2.016968758278226,-5.341306813937862e-06,-157.529902430233
468,-0.1406289072448084,0.7282368331537583,-0.2460877615550553,-0.28229630048913434,-1.6354064332773162,-0.8138258149486454,-2.255939498457608,-176.2359175061619
469,1.2433041704382326,0.2544539312917613,0.7682476746763094,0.16963526457275,1.126589403179953,0.2871702705914444,-1.9774841193670263,-34.33824350962264
470,0.7562215649647351,0.8685132222180661,1.039921035498849,0.010605296373754125,1.48084904924909,0.224029150288727,-0.12185276399868704,17.05916865375572
471,-0.46200534815338046,1.3672354239271245,0.3508884940877463,-1.3845186665358649,0.38186623412669696,-0.4038922693379395,1.2178856330562904,-96.13854849474194
472,1.2209433285006217,2.519570400210501,-1.797524444614471,-1.6715464873116763,-0.6069889569510168,-1.365282874432205,1.0190382979102348,-209.2698980062175
473,-2.8192684906359404,1.4249133372809903,-1.1228612410453702,0.4026280723918795,-0.15232093230759164,1.5906598855181908,1.00198120197819,210.16616072168125
474,-0.7356405228435048,-0.8845777032933492,-0.6492051595618835,-0.38662578088771243,-2.428253457866956,0.7386518360931771,-0.45730882841073334,17.446372039862297
475,0.6330827101716543,0.3275437242416135,-0.1591265651859938,-2.2000219885513803,-0.1660708804974079,-2.19190798280299,-1.3111680946998219,-411.65048389449026
476,-1.4687757992872819,1.5462776458676437,1.1470999424119412,0.49403587093525686,0.09555698451187418,0.2360409229142486,0.2468575084668076,69.86378234122233
477,-1.6223442326445394,-1.1828783954733642,-0.9276791698587648,-0.14110774309021348,0.4455391978697365,2.1147029857417134,1.0643108841783024,213.814211277007
478,-1.159806896276608,-0.9566255200649338,-0.6577683624489188,-1.082929557197095,-1.2514484063143279,-0.15842922418844002,-0.18337673505653143,-105.52671589645533
479,-0.24244060013170401,0.3315396481068903,0.1511971753169305,-0.8486660011006626,0.7650694809624692,1.0265979505650449,-0.14959135264789844,19.87981876977016
480,-0.4052862668192303,0.36343397187958704,-1.3777579314960953,-1.3102705289478154,1.186048675686366,1.5435363391035697,-0.7948724445629353,6.0273086512240575
481,1.1957157068418152,0.09639631454873349,0.1333293779443098,1.804312096409802,0.5982170032268327,-0.3239234479319593,0.7201440605907986,137.580735721524
482,-0.27407084634918716,0.07046875519305873,0.40840524506595755,0.01655840803919453,-2.2284260374989913,-0.8761924563341278,-1.7029557231588413,-138.93626210151726
483,-0.05916747073046554,-1.8451945642949812,-2.699605524525161,0.5346819563222973,0.12177754156306429,-0.2265238257290055,1.2372789719930113,65.00619038240313
484,-0.9231358979997109,-1.5070402551035982,-1.1648113258867563,0.19578299356298853,-1.7024456812640112,-0.5048424869909438,-0.3753932031921457,-44.9857084536874
485,-0.5583869755155961,0.16701309823412558,0.27208987891322073,2.111304121485037,-0.5377433879826418,-1.7299805688177077,-0.18809094066874477,3.684561458260103
486,-0.38148066930407165,0.16079835524602734,1.3381645153326516,-0.759623399718355,0.586198165250216,0.7567597273118024,-0.3866471079914866,-6.011789353686943
487,0.003659490714469374,0.6974162722769295,-0.22824755819403428,0.6961979796114306,-2.0696122626654505,-0.42901331850984487,0.6015158136671998,38.939184948002094
488,-0.2034201978417092,-0.42563485324887834,1.4397133066854455,0.8496996041076691,-0.3228173645855947,-1.3593062972419518,-0.3694358335953668,-68.46039122073336
489,-0.7218797261099033,1.234034681364575,1.9331569663490777,-1.1566991705181415,-1.0707963256371735,-1.6405602248048416,1.0281848991561438,-194.86961428187013
490,0.28544143797998295,-0.05614307498601653,0.46000889653499344,0.7148573383644334,-0.6165868189113164,1.7340585443861891,-0.4812960413967444,190.4941982521977
491,-0.6826236006876765,0.7727037398279535,0.5826138312017708,-1.0758922738636993,0.6415400191927079,-0.8862191251508665,1.0623193136898084,-121.27701185791221
492,0.25191828804116173,-1.0855623482019676,-1.8888874575239927,-0.05820673811530818,-1.9673130282883948,-0.35362437860375806,-0.499010088469489,-55.366966562090376
493,-1.5547966329051235,0.007623064760046013,0.6435590726243098,-0.17294336974883284,0.03033590862521998,0.14074022969167618,-1.5840996757756782,-59.479136550047755
494,0.186354921380492,1.187201794931626,0.5155841705409203,1.6321386968653704,-0.21461790941104572,-0.14859479300151662,-2.1010431655752217,36.69648569049794
495,-0.4708067671068985,-1.818252456768103,-0.0959694707052343,-0.5900906004813742,-0.5401460132005208,-1.1083516669085596,2.036649938694028,-70.20738656176077
496,-0.7478709492938624,-0.019130496521151476,0.009025250973325124,-0.596159699806467,-0.878107893240342,0.5390583205807888,1.175001219500291,44.918978138307715
497,-0.07447076289398098,-0.38109251751534995,0.43349633007657085,1.000365886550695,1.2783792302718682,0.08771021840833142,-0.37566942307899365,70.75491433724174
498,2.8475071283461024,-1.909634440276823,-0.11608639342235076,0.307991619572006,-0.5976558361591928,-0.38880444401148534,-0.39962149198662117,-27.411003695216145
499,2.210423792692275,-1.882534533899302,0.3831635207798588,-0.41793542377092413,-0.3698481812989487,-0.1344670051202094,-1.7992649954418056,-112.76258382024938
